product_name,geography,segment,verified_contacts,open_rate,reply_rate,best_send_days,compliance,source_url
Austria Business Email List,Austria,business email list,300000,14-21%,2-5%,Tuesday; Wednesday; Thursday,"Austria follows GDPR, enforced by the DSB (Datenschutzbehörde — Austrian Data Protection Authority). Austria's TKG 2021 ",https://leadsblue.com/leads/austria-business-email-leads-database/
Belgium Business Contact List,Belgium,business email list,146045,15-22%,2.5-5.5%,Tuesday; Wednesday; Thursday,"Belgium follows GDPR, enforced by APD (Autoriteit Persoonsgegevens / Autorité de Protection des Données — the Belgian Da",https://leadsblue.com/leads/belgium-business-email-leads-database/
France Business Email List,France,business email list,1400000,14-20%,2-4.5%,Tuesday; Wednesday; Thursday,France follows GDPR under CNIL (Commission Nationale de l'Informatique et des Libertés) oversight. CNIL guidance disting,https://leadsblue.com/leads/france-business-email-leads-database/
Germany Business Contact List,Germany,business email list,2600000,15-22%,2-5%,Tuesday; Wednesday; Thursday,"Germany is the strictest EU jurisdiction for B2B cold email. GDPR applies, but UWG §7 (Gesetz gegen den unlauteren Wettb",https://leadsblue.com/leads/germany-business-email-leads-database/
Italy Business Email List,Italy,business email list,1000000,15-22%,2-4.5%,Tuesday; Wednesday; Thursday,"Italy follows GDPR, enforced by Garante per la protezione dei dati personali (the Garante). Italy takes a stricter inter",https://leadsblue.com/leads/italy-business-email-leads-database/
Luxembourg Business Contact List,Luxembourg,business email list,205000,15-22%,2.5-5.5%,Tuesday; Wednesday; Thursday,"Luxembourg follows GDPR, enforced by CNPD (Commission Nationale pour la Protection des Données). Luxembourg is one of th",https://leadsblue.com/leads/luxembourg-business-email-leads-database/
Netherlands Business Email List,Netherlands,business email list,600000,16-23%,3-6%,Tuesday; Wednesday; Thursday,"The Netherlands falls under GDPR, enforced by the AP (Autoriteit Persoonsgegevens). The AP follows EDPB guidance allowin",https://leadsblue.com/leads/netherlands-business-email-leads-database/
Portugal Business Email Database,Portugal,business email list,250000,16-23%,2.5-5.5%,Tuesday; Wednesday; Thursday,"Portugal follows GDPR, enforced by CNPD (Comissão Nacional de Proteção de Dados). Legitimate interest applies for B2B co",https://leadsblue.com/leads/portugal-business-email-leads-database/
Spain Business Email Database,Spain,business email list,1300000,16-23%,2.5-5%,Tuesday; Wednesday; Thursday,"Spain follows GDPR, enforced by AEPD (Agencia Española de Protección de Datos). Spain's LSSI-CE (Law on Information Soci",https://leadsblue.com/leads/spain-business-email-leads-database/
Switzerland Business Email List,Switzerland,business email list,850000,14-21%,2.5-5%,Tuesday; Wednesday; Thursday,Switzerland's new Federal Act on Data Protection (nFADP) came into force in September 2023 and closely aligns with GDPR ,https://leadsblue.com/leads/switzerland-business-email-leads-database/
Ukraine Business Email List,Ukraine,business email list,230000,18-27%,3-6.5%,Tuesday; Wednesday; Thursday,Ukraine has its own data protection law based on EU principles. Cross-border data transfers have additional complexity g,https://leadsblue.com/leads/ukraine-business-email-leads-database/
United Kingdom Business Email List,United Kingdom,business email list,1500000,17-25%,3-6%,Tuesday; Wednesday; Thursday,UK GDPR and PECR (Privacy and Electronic Communications Regulations) jointly govern cold email. For emails to corporate ,https://leadsblue.com/leads/united-kingdom-uk-business-email-leads-database/
Ireland Business Email List,Ireland,business email list,260000,17-25%,3-6.5%,Tuesday; Wednesday; Thursday,Ireland is a critical GDPR jurisdiction because the DPC (Data Protection Commission) is the lead supervisory authority f,https://leadsblue.com/leads/ireland-business-email-leads-database/
UK Horse Owners Email List,United Kingdom,targeted email list,95000,17-25%,3-6%,Tuesday; Wednesday; Thursday,UK GDPR and PECR (Privacy and Electronic Communications Regulations) jointly govern cold email. For emails to corporate ,https://leadsblue.com/leads/uk-horse-owners-email-leads-database-horse-owners-emails-list-uk/
